CNPJ,COMPANY_NAME,ECONOMIC_ACTIVITY,EQUITY
28195667000106,Banco ABC Brasil SA,"['Bancos múltiplos, com carteira comercial']",5698602385.84
71550388000142,RUMO Logistica Operadora Multimodal SA,"['Atividades do Operador Portuário', 'Comércio atacadista de mercadorias em geral, sem predominância de alimentos ou de insumos agropecuários', 'Transporte ferroviário de carga', 'Transporte rodoviário de carga, exceto produtos perigosos e mudanças, intermunicipal, interestadual e internacional', 'Transporte dutoviário', 'Transporte marítimo de cabotagem - Carga', 'Armazéns gerais - emissão de warrant', 'Carga e descarga', 'Atividades de agenciamento marítimo', 'Atividades de despachantes aduaneiros', 'Agenciamento de cargas, exceto para o transporte marítimo', 'Operador de transporte multimodal - OTM', 'Locação de outros meios de transporte não especificados anteriormente, sem condutor', 'Aluguel de máquinas e equipamentos para construção sem operador, exceto andaimes']",8051490166.79
61079117000105,Alpargatas SA,"['Preparação e fiação de fibras de algodão', 'Fabricação de tênis de qualquer material', 'Fabricação de calçados de materiais não especificados anteriormente', 'Fabricação de partes para calçados, de qualquer material', 'Comércio atacadista de artigos do vestuário e acessórios, exceto profissionais e de segurança', 'Comércio atacadista de calçados', 'Comércio varejista de artigos do vestuário e acessórios', 'Comércio varejista de calçados', 'Atividades de intermediação e agenciamento de serviços e negócios em geral, exceto imobiliários', 'Gestão de ativos intangíveis não-financeiros', 'Serviços combinados de escritório e apoio administrativo', 'Preparação de documentos e serviços especializados de apoio administrativo não especificados anteriormente']",3938257381.33
61079117000105,Alpargatas SA,"['Preparação e fiação de fibras de algodão', 'Fabricação de tênis de qualquer material', 'Fabricação de calçados de materiais não especificados anteriormente', 'Fabricação de partes para calçados, de qualquer material', 'Comércio atacadista de artigos do vestuário e acessórios, exceto profissionais e de segurança', 'Comércio atacadista de calçados', 'Comércio varejista de artigos do vestuário e acessórios', 'Comércio varejista de calçados', 'Atividades de intermediação e agenciamento de serviços e negócios em geral, exceto imobiliários', 'Gestão de ativos intangíveis não-financeiros', 'Serviços combinados de escritório e apoio administrativo', 'Preparação de documentos e serviços especializados de apoio administrativo não especificados anteriormente']",3938257381.33
61189288000189,Marisa Lojas SA,"['Comércio varejista de artigos do vestuário e acessórios', 'Comércio atacadista de artigos do vestuário e acessórios, exceto profissionais e de segurança', 'Comércio varejista de tecidos', 'Comercio varejista de artigos de armarinho', 'Comercio varejista de artigos de cama, mesa e banho', 'Comércio varejista de livros', 'Comércio varejista de jornais e revistas', 'Comércio varejista de artigos de papelaria', 'Comércio varejista de discos, CDs, DVDs e fitas', 'Comércio varejista de brinquedos e artigos recreativos', 'Comércio varejista de cosméticos, produtos de perfumaria e de higiene pessoal', 'Comércio varejista de calçados', 'Comércio varejista de artigos de viagem', 'Comércio varejista de suvenires, bijuterias e artesanatos', 'Comércio varejista de artigos fotográficos e para filmagem', 'Comércio varejista de outros produtos não especificados anteriormente', 'Carga e descarga', 'Portais, provedores de conteúdo e outros serviços de informação na internet', 'Correspondentes de instituições financeiras', 'Outras atividades auxiliares dos serviços financeiros não especificadas anteriormente', 'Atividades auxiliares dos seguros, da previdência complementar e dos planos de saúde não especificadas anteriormente', 'Atividades de intermediação e agenciamento de serviços e negócios em geral, exceto imobiliários']",2344828486.86
07526557000100,Ambev SA,"['Fabricação de cervejas e chopes', 'Cultivo de outros cereais não especificados anteriormente', 'Produção de sementes certificadas, exceto de forrageiras para pasto', 'Produção de sementes certificadas de forrageiras para formação de pasto', 'Fabricação de farinha de milho e derivados, exceto óleos de milho', 'Fabricação de gelo comum', 'Fabricação de outros produtos alimentícios não especificados anteriormente', 'Fabricação de refrigerantes', 'Fabricação de embalagens de papel', 'Impressão de material para uso publicitário', 'Impressão de material para outros usos', 'Fabricação de gases industriais', 'Fabricação de embalagens de material plástico', 'Fabricação de embalagens de vidro', 'Fabricação de embalagens metálicas', 'Comércio atacadista de matérias-primas agrícolas não especificadas anteriormente', 'Comércio atacadista de cerveja, chope e refrigerante', 'Comércio atacadista especializado em outros produtos alimentícios não especificados anteriormente', 'Comércio atacadista de cosméticos e produtos de perfumaria', 'Comércio atacadista de produtos de higiene pessoal', 'Comércio atacadista de produtos de higiene, limpeza e conservação domiciliar', 'Comércio atacadista de embalagens', 'Comércio atacadista de mercadorias em geral, com predominância de insumos agropecuários', 'Desenvolvimento e licenciamento de programas de computador não-customizáveis', 'Portais, provedores de conteúdo e outros serviços de informação na internet', 'Atividades de consultoria em gestão empresarial, exceto consultoria técnica específica', 'Agências de publicidade', 'Agenciamento de espaços para publicidade, exceto em veículos de comunicação', 'Atividades de intermediação e agenciamento de serviços e negócios em geral, exceto imobiliários', 'Gestão de ativos intangíveis não-financeiros']",58275086270.41
10345009000198,Advanced Digital Health Medicina Preventiva SA,"['Outras atividades de atenção à saúde humana não especificadas anteriormente', 'Comércio varejista de artigos médicos e ortopédicos', 'Outras sociedades de participação, exceto holdings', 'Outras atividades profissionais, científicas e técnicas não especificadas anteriormente', 'Gestão de ativos intangíveis não-financeiros']",33860228.84
00000000000191,Banco do Brasil SA,"['Bancos múltiplos, com carteira comercial', 'Outras atividades de serviços financeiros não especificadas anteriormente']",120000000000
60746948000112,Banco Bradesco SA,"['Bancos múltiplos, com carteira comercial', 'Serviços combinados de escritório e apoio administrativo']",87100000000
11395624000171,Brasil Pharma SA,['Holdings de instituições não-financeiras'],2241641847.67
59285411000113,Banco Pan SA,"['Bancos múltiplos, com carteira comercial', 'Desenvolvimento e licenciamento de programas de computador customizáveis', 'Portais, provedores de conteúdo e outros serviços de informação na internet', 'Consultoria em publicidade', 'Atividades de intermediação e agenciamento de serviços e negócios em geral, exceto imobiliários']",5928320482.9
03847461000192,Bradespar SA,['Holdings de instituições não-financeiras'],4600124804.3
03847461000192,Bradespar SA,['Holdings de instituições não-financeiras'],4600124804.3
01838723000127,BRF SA,"['Abate de aves', 'Criação de bovinos para corte', 'Criação de bovinos para leite', 'Criação de suínos', 'Criação de frangos para corte', 'Produção de pintos de um dia', 'Criação de outros galináceos, exceto para corte', 'Criação de aves, exceto galináceos', 'Produção de ovos', 'Cultivo de eucalipto', 'Cultivo de acácia-negra', 'Cultivo de pinus', 'Cultivo de mudas em viveiros florestais', 'Extração de madeira em florestas plantadas', 'Produção de carvão vegetal - florestas plantadas', 'Extração de madeira em florestas nativas', 'Produção de carvão vegetal - florestas nativas', 'Frigorífico - abate de bovinos', 'Frigorífico - abate de suínos', 'Fabricação de produtos de carne', 'Preparação de subprodutos do abate', 'Fabricação de óleos vegetais em bruto, exceto óleo de milho', 'Fabricação de margarina e outras gorduras vegetais e de óleos não-comestíveis de animais', 'Preparação do leite', 'Fabricação de laticínios', 'Fabricação de sorvetes e outros gelados comestíveis', 'Moagem de trigo e fabricação de derivados', 'Fabricação de alimentos para animais', 'Moagem e fabricação de produtos de origem vegetal não especificados anteriormente', 'Fabricação de produtos de panificação industrial', 'Fabricação de massas alimentícias', 'Fabricação de alimentos e pratos prontos', 'Fabricação de outros produtos alimentícios não especificados anteriormente', 'Fabricação de intermediários para fertilizantes', 'Fabricação de produtos químicos orgânicos não especificados anteriormente', 'Fabricação de produtos farmoquímicos', 'Geração de energia elétrica', 'Comércio atacadista de soja', 'Comércio atacadista de animais vivos', 'Comércio atacadista de matérias-primas agrícolas com atividade de fracionamento e acondicionamento associada', 'Comércio atacadista de alimentos para animais', 'Comércio atacadista de matérias-primas agrícolas não especificadas anteriormente', 'Comércio atacadista de leite e laticínios', 'Comércio atacadista de carnes bovinas e suínas e derivados', 'Comércio atacadista de aves abatidas e derivados', 'Comércio atacadista de carnes e derivados de outros animais', 'Comércio atacadista de bebidas não especificadas anteriormente', 'Comércio atacadista de óleos e gorduras', 'Comércio atacadista de massas alimentícias', 'Comércio atacadista especializado em outros produtos alimentícios não especificados anteriormente', 'Comércio atacadista de produtos alimentícios em geral', 'Comércio atacadista de produtos alimentícios em geral, com atividade de fracionamento e acondicionamento associada', 'Comércio atacadista de mercadorias em geral, com predominância de produtos alimentícios', 'Comércio atacadista de mercadorias em geral, com predominância de insumos agropecuários', 'Comércio varejista de mercadorias em geral, com predominância de produtos alimentícios - minimercados, mercearias e armazéns', 'Padaria e confeitaria com predominância de revenda', 'Comércio varejista de laticínios e frios', 'Comércio varejista de carnes - açougues', 'Comércio varejista de produtos alimentícios em geral ou especializado em produtos alimentícios não especificados anteriormente', 'Comércio varejista de animais vivos e de artigos e alimentos para animais de estimação', 'Depósitos de mercadorias para terceiros, exceto armazéns gerais e guarda-móveis', 'Holdings de instituições não-financeiras', 'Testes e análises técnicas', 'Serviços combinados de escritório e apoio administrativo', 'Outras atividades de serviços prestados principalmente às empresas não especificadas anteriormente']",13653417953.36
42150391000170,Braskem SA,"['Fabricação de produtos petroquímicos básicos', 'Fabricação de produtos do refino de petróleo', 'Fabricação de gases industriais', 'Fabricação de resinas termoplásticas', 'Fabricação de aditivos de uso industrial', 'Geração de energia elétrica', 'Comércio atacadista de energia elétrica', 'Distribuição de energia elétrica', 'Produção e distribuição de vapor, água quente e ar condicionado', 'Representantes comerciais e agentes do comércio de combustíveis, minerais, produtos siderúrgicos e químicos', 'Comércio atacadista de álcool carburante, biodiesel, gasolina e demais derivados de petróleo, exceto lubrificantes, não realizado por transportador re', 'Comércio atacadista de gás liqüefeito de petróleo (GLP)', 'Comércio atacadista de resinas e elastômeros', 'Comércio atacadista de outros produtos químicos e petroquímicos não especificados anteriormente', 'Comércio varejista de gás liqüefeito de petróleo (GLP)', 'Transporte rodoviário de produtos perigosos', 'Holdings de instituições não-financeiras', 'Aluguel de outras máquinas e equipamentos comerciais e industriais não especificados anteriormente, sem operador']",8043222080.5
42150391000170,Braskem SA,"['Fabricação de produtos petroquímicos básicos', 'Fabricação de produtos do refino de petróleo', 'Fabricação de gases industriais', 'Fabricação de resinas termoplásticas', 'Fabricação de aditivos de uso industrial', 'Geração de energia elétrica', 'Comércio atacadista de energia elétrica', 'Distribuição de energia elétrica', 'Produção e distribuição de vapor, água quente e ar condicionado', 'Representantes comerciais e agentes do comércio de combustíveis, minerais, produtos siderúrgicos e químicos', 'Comércio atacadista de álcool carburante, biodiesel, gasolina e demais derivados de petróleo, exceto lubrificantes, não realizado por transportador re', 'Comércio atacadista de gás liqüefeito de petróleo (GLP)', 'Comércio atacadista de resinas e elastômeros', 'Comércio atacadista de outros produtos químicos e petroquímicos não especificados anteriormente', 'Comércio varejista de gás liqüefeito de petróleo (GLP)', 'Transporte rodoviário de produtos perigosos', 'Holdings de instituições não-financeiras', 'Aluguel de outras máquinas e equipamentos comerciais e industriais não especificados anteriormente, sem operador']",8043222080.5
06977745000191,BR Malls Participacoes SA,['Holdings de instituições não-financeiras'],7188653418.96
61088894000108,Cambuci SA,['Fabricação de artefatos de couro não especificados anteriormente'],205117806.99
02846056000197,CCR SA,['Holdings de instituições não-financeiras'],
02429144000193,CPFL Energia SA,['Holdings de instituições não-financeiras'],9435625759.75
16614075000100,Direcional Engenharia SA,"['Construção de edifícios', 'Incorporação de empreendimentos imobiliários', 'Serviços especializados para construção não especificados anteriormente', 'Comércio atacadista de materiais de construção em geral', 'Outras sociedades de participação, exceto holdings', 'Outras atividades auxiliares dos serviços financeiros não especificadas anteriormente', 'Compra e venda de imóveis próprios', 'Corretagem na compra e venda e avaliação de imóveis', 'Serviços de engenharia', 'Aluguel de máquinas e equipamentos para construção sem operador, exceto andaimes']",1181857399
61194080000158,Duratex SA,"['Fabricação de madeira laminada e de chapas de madeira compensada, prensada e aglomerada']",943626359.31
10362796000186,Elekeiroz SA,['Fabricação de outros produtos químicos não especificados anteriormente'],
07689002000189,Embraer SA,"['Fabricação de aeronaves', 'Fabricação de turbinas, motores e outros componentes e peças para aeronaves', 'Manutenção e reparação de aeronaves, exceto a manutenção na pista', 'Manutenção de aeronaves na pista', 'Geração de energia elétrica', 'Comércio atacadista de energia elétrica', 'Atividades auxiliares dos transportes aéreos, exceto operação dos aeroportos e campos de aterrissagem', 'Desenvolvimento de programas de computador sob encomenda', 'Desenvolvimento e licenciamento de programas de computador customizáveis', 'Desenvolvimento e licenciamento de programas de computador não-customizáveis', 'Serviços de engenharia', 'Atividades técnicas relacionadas à engenharia e arquitetura não especificadas anteriormente', 'Outras atividades profissionais, científicas e técnicas não especificadas anteriormente', 'Atividades de monitoramento de sistemas de segurança eletrônico', 'Cursos de pilotagem', 'Treinamento em desenvolvimento profissional e gerencial']",5159617052.42
03983431000103,EDP - Energias do Brasil SA,['Holdings de instituições não-financeiras'],6002715947.12
00864214000106,Energisa SA,"['Holdings de instituições não-financeiras', 'Consultoria em tecnologia da informação', 'Suporte técnico, manutenção e outros serviços em tecnologia da informação', 'Atividades de intermediação e agenciamento de serviços e negócios em geral, exceto imobiliários']",7540742407.4
61092037000181,Eternit SA,"['Fabricação de artefatos de fibrocimento para uso na construção', 'Fabricação de artefatos de material plástico para uso na construção, exceto tubos e acessórios', 'Fabricação de outros artefatos e produtos de concreto, cimento, fibrocimento, gesso e materiais semelhantes', 'Fabricação de artigos de metal para uso doméstico e pessoal', 'Representantes comerciais e agentes do comércio de madeira, material de construção e ferragens', 'Comércio atacadista especializado de materiais de construção não especificados anteriormente', 'Comércio atacadista de materiais de construção em geral', 'Organização logística do transporte de carga', 'Serviços combinados de escritório e apoio administrativo']",438081465.61
43470988000165,Even Construtora e Incorporadora SA,"['Construção de edifícios', 'Incorporação de empreendimentos imobiliários', 'Compra e venda de imóveis próprios', 'Gestão e administração da propriedade imobiliária', 'Atividades de consultoria em gestão empresarial, exceto consultoria técnica específica', 'Serviços de arquitetura', 'Serviços de engenharia', 'Atividades de intermediação e agenciamento de serviços e negócios em geral, exceto imobiliários']",1657409998.31
15141799000103,Cia de Ferro Ligas da Bahia Ferbasa,"['Produção de ferroligas', 'Extração de madeira em florestas plantadas', 'Produção de carvão vegetal - florestas plantadas', 'Extração de madeira em florestas nativas', 'Produção de carvão vegetal - florestas nativas', 'Atividades de apoio à produção florestal', 'Beneficiamento de minério de metais preciosos', 'Extração de quartzo', 'Britamento de pedras, exceto associado à extração', 'Fabricação de cal e gesso', 'Comércio varejista de ferragens e ferramentas', 'Comércio varejista de madeira e artefatos', 'Comércio varejista de cal, areia, pedra britada, tijolos e telhas', 'Holdings de instituições não-financeiras']",1470395617.65
22266175000188,Fertilizantes Heringer SA,"['Fabricação de adubos e fertilizantes, exceto organo-minerais', 'Fabricação de adubos e fertilizantes organo-minerais', 'Geração de energia elétrica', 'Construção de edifícios', 'Comércio atacadista de alimentos para animais', 'Comércio atacadista de medicamentos e drogas de uso veterinário', 'Comércio atacadista de defensivos agrícolas, adubos, fertilizantes e corretivos do solo', 'Comércio atacadista de mercadorias em geral, com predominância de insumos agropecuários', 'Transporte rodoviário de carga, exceto produtos perigosos e mudanças, municipal.', 'Transporte rodoviário de carga, exceto produtos perigosos e mudanças, intermunicipal, interestadual e internacional', 'Transporte rodoviário de produtos perigosos', 'Armazéns gerais - emissão de warrant', 'Atividades de consultoria em gestão empresarial, exceto consultoria técnica específica', 'Testes e análises técnicas']",594164902.56
60840055000131,Fleury SA,"['Laboratórios clínicos', 'Holdings de instituições não-financeiras', 'Atividades de consultoria em gestão empresarial, exceto consultoria técnica específica', 'Pesquisa e desenvolvimento experimental em ciências físicas e naturais', 'Gestão de ativos intangíveis não-financeiros', 'Serviços de organização de feiras, congressos, exposições e festas', 'Treinamento em desenvolvimento profissional e gerencial', 'Atividades de atendimento hospitalar, exceto pronto-socorro e unidades para atendimento a urgências', 'Atividade médica ambulatorial com recursos para realização de exames complementares', 'Serviços de vacinação e imunização humana', 'Laboratórios de anatomia patológica e citológica', 'Atividades de serviços de complementação diagnóstica e terapêutica não especificadas anteriormente', 'Atividades de enfermagem', 'Atividades de profissionais da nutrição', 'Atividades de psicologia e psicanálise', 'Atividades de fisioterapia', 'Atividades de terapia ocupacional', 'Atividades de profissionais da área de saúde não especificadas anteriormente', 'Atividades de apoio à gestão de saúde']",2762949636.54
04821041000108,Metalfrio Solutions SA,"['Fabricação de fogões, refrigeradores e máquinas de lavar e secar para uso doméstico, peças e acessórios', 'Fabricação de máquinas e aparelhos de refrigeração e ventilação para uso industrial e comercial, peças e acessórios', 'Manutenção e reparação de máquinas e aparelhos de refrigeração e ventilação para uso industrial e comercial', 'Comércio atacadista de máquinas e equipamentos para uso comercial; partes e peças', 'Armazéns gerais - emissão de warrant']",487043665.63
04128563000110,Aes Tiete Energia SA,['Geração de energia elétrica'],1765947667.67
04128563000110,Aes Tiete Energia SA,['Geração de energia elétrica'],1765947667.67
01545826000107,Gafisa SA,"['Incorporação de empreendimentos imobiliários', 'Construção de edifícios', 'Compra e venda de imóveis próprios', 'Serviços de engenharia']",1701598382.04
33611500000119,Gerdau SA,"['Produção de laminados longos de aço, exceto tubos', 'Representantes comerciais e agentes do comércio de combustíveis, minerais, produtos siderúrgicos e químicos', 'Representantes comerciais e agentes do comércio de mercadorias em geral não especializado', 'Atividades do Operador Portuário', 'Holdings de instituições não-financeiras']",24347290800
49263189000102,Helbor Empreendimentos SA,"['Incorporação de empreendimentos imobiliários', 'Administração de obras', 'Holdings de instituições não-financeiras', 'Compra e venda de imóveis próprios', 'Corretagem na compra e venda e avaliação de imóveis', 'Gestão e administração da propriedade imobiliária', 'Serviços de engenharia']",1310225371.46
78876950000171,Cia Hering,"['Fabricação de artigos do vestuário, produzidos em malharias e tricotagens, exceto meias', 'Tecelagem de fios de algodão', 'Fabricação de tecidos de malha', 'Estamparia e texturização em fios, tecidos, artefatos têxteis e peças do vestuário', 'Outros serviços de acabamento em fios, tecidos, artefatos têxteis e peças do vestuário', 'Confecção de peças de vestuário, exceto roupas íntimas e as confeccionadas sob medida', 'Fabricação de equipamentos e acessórios para segurança pessoal e profissional', 'Comércio atacadista de artigos do vestuário e acessórios, exceto profissionais e de segurança', 'Comércio atacadista de roupas e acessórios para uso profissional e de segurança do trabalho', 'Comércio atacadista de calçados', 'Comércio atacadista de cosméticos e produtos de perfumaria', 'Comércio atacadista de artigos de escritório e de papelaria', 'Comércio atacadista de outros equipamentos e artigos de uso pessoal e doméstico não especificados anteriormente', 'Comércio atacadista de equipamentos de informática', 'Comércio atacadista de componentes eletrônicos e equipamentos de telefonia e comunicação', 'Comércio atacadista especializado em outros produtos intermediários não especificados anteriormente', 'Lojas de departamentos ou magazines, exceto lojas francas (Duty free)', 'Comércio varejista especializado de equipamentos e suprimentos de informática', 'Comércio varejista especializado de equipamentos de telefonia e comunicação', 'Comércio varejista de artigos de papelaria', 'Comércio varejista de brinquedos e artigos recreativos', 'Comércio varejista de cosméticos, produtos de perfumaria e de higiene pessoal', 'Comércio varejista de artigos do vestuário e acessórios', 'Comércio varejista de calçados', 'Comércio varejista de suvenires, bijuterias e artesanatos', 'Desenvolvimento e licenciamento de programas de computador customizáveis', 'Desenvolvimento e licenciamento de programas de computador não-customizáveis', 'Suporte técnico, manutenção e outros serviços em tecnologia da informação', 'Holdings de instituições não-financeiras', 'Outras sociedades de participação, exceto holdings', 'Atividades de intermediação e agenciamento de serviços e negócios em geral, exceto imobiliários', 'Gestão de ativos intangíveis não-financeiros', 'Serviços combinados de escritório e apoio administrativo']",1767593938.61
13094786000103,Banco Indusval SA,['Bancos comerciais'],
02916265000160,JBS SA,"['Frigorífico - abate de bovinos', 'Fabricação de produtos de carne', 'Preparação de subprodutos do abate', 'Curtimento e outras preparações de couro', 'Fabricação de biocombustíveis, exceto álcool', 'Fabricação de produtos químicos orgânicos não especificados anteriormente', 'Fabricação de sabões e detergentes sintéticos', 'Fabricação de produtos de limpeza e polimento', 'Fabricação de cosméticos, produtos de perfumaria e de higiene pessoal', 'Fabricação de outros produtos químicos não especificados anteriormente', 'Comércio atacadista de soja', 'Comércio atacadista de couros, lãs, peles e outros subprodutos não-comestíveis de origem animal', 'Comércio atacadista de matérias-primas agrícolas não especificadas anteriormente', 'Comércio atacadista de cosméticos e produtos de perfumaria', 'Comércio atacadista de produtos de higiene, limpeza e conservação domiciliar', 'Comércio varejista de cosméticos, produtos de perfumaria e de higiene pessoal', 'Transporte rodoviário de carga, exceto produtos perigosos e mudanças, municipal.', 'Transporte rodoviário de carga, exceto produtos perigosos e mudanças, intermunicipal, interestadual e internacional']",23631071304.24
52548435000179,JSL SA,"['Transporte rodoviário de carga, exceto produtos perigosos e mudanças, intermunicipal, interestadual e internacional', 'Serviço de preparação de terreno, cultivo e colheita', 'Atividades de apoio à agricultura não especificadas anteriormente', 'Obras portuárias, marítimas e fluviais', 'Serviços de manutenção e reparação mecânica de veículos automotores', 'Transporte rodoviário coletivo de passageiros, com itinerário fixo, municipal', 'Transporte rodoviário coletivo de passageiros, com itinerário fixo, intermunicipal em região metropolitana', 'Serviço de transporte de passageiros - locação de automóveis com motorista', 'Transporte rodoviário coletivo de passageiros, sob regime de fretamento, municipal', 'Transporte rodoviário coletivo de passageiros, sob regime de fretamento, intermunicipal, interestadual e internacional', 'Transporte rodoviário de carga, exceto produtos perigosos e mudanças, municipal.', 'Transporte rodoviário de produtos perigosos', 'Depósitos de mercadorias para terceiros, exceto armazéns gerais e guarda-móveis', 'Carga e descarga', 'Estacionamento de veículos', 'Serviços de reboque de veículos', 'Outras atividades auxiliares dos transportes terrestres não especificadas anteriormente', 'Atividades auxiliares dos transportes aéreos, exceto operação dos aeroportos e campos de aterrissagem', 'Organização logística do transporte de carga', 'Locação de automóveis sem condutor', 'Locação de outros meios de transporte não especificados anteriormente, sem condutor', 'Aluguel de máquinas e equipamentos agrícolas sem operador', 'Fornecimento e gestão de recursos humanos para terceiros', 'Atividades de monitoramento de sistemas de segurança eletrônico', 'Atividades de limpeza não especificadas anteriormente', 'Envasamento e empacotamento sob contrato']",842781426.13
91983056000169,Kepler Weber SA,['Holdings de instituições não-financeiras'],344694181.68
89637490000145,Klabin SA,"['Fabricação de celulose e outras pastas para a fabricação de papel', 'Serviços combinados de escritório e apoio administrativo']",6075624836
33014556000196,Lojas Americanas SA,"['Comércio varejista de mercadorias em geral, com predominância de produtos alimentícios - supermercados']",7322148377.11
33014556000196,Lojas Americanas SA,"['Comércio varejista de mercadorias em geral, com predominância de produtos alimentícios - supermercados']",7322148377.11
92754738000162,Lojas Renner SA,"['Lojas de departamentos ou magazines, exceto lojas francas (Duty free)', 'Estamparia e texturização em fios, tecidos, artefatos têxteis e peças do vestuário', 'Comércio varejista de cosméticos, produtos de perfumaria e de higiene pessoal', 'Comércio varejista de artigos do vestuário e acessórios', 'Transporte rodoviário de carga, exceto produtos perigosos e mudanças, intermunicipal, interestadual e internacional', 'Organização logística do transporte de carga', 'Consultoria em tecnologia da informação', 'Portais, provedores de conteúdo e outros serviços de informação na internet', 'Outras sociedades de participação, exceto holdings', 'Outras atividades auxiliares dos serviços financeiros não especificadas anteriormente', 'Agências de publicidade', 'Atividades de intermediação e agenciamento de serviços e negócios em geral, exceto imobiliários', 'Serviços combinados de escritório e apoio administrativo', 'Atividades de cobranças e informações cadastrais', 'Outras atividades de serviços prestados principalmente às empresas não especificadas anteriormente']",9540890719.68
89463822000112,Lupatech SA,"['Fabricação de válvulas, registros e dispositivos semelhantes, peças e acessórios', 'Fabricação de artefatos de cordoaria', 'Manutenção e reparação de máquinas e equipamentos para a prospecção e extração de petróleo', 'Manutenção e reparação de equipamentos e produtos não especificados anteriormente', 'Instalação de máquinas e equipamentos industriais', 'Depósitos de mercadorias para terceiros, exceto armazéns gerais e guarda-móveis', 'Testes e análises técnicas', 'Outras atividades profissionais, científicas e técnicas não especificadas anteriormente', 'Serviços combinados de escritório e apoio administrativo']",1922342164.76
61065298000102,Mangels Industrial SA,"['Fabricação de outras peças e acessórios para veículos automotores não especificadas anteriormente', 'Produção de relaminados, trefilados e perfilados de aço, exceto arames', 'Fabricação de tanques, reservatórios metálicos e caldeiras para aquecimento central', 'Produção de artefatos estampados de metal', 'Fabricação de outros produtos de metal não especificados anteriormente', 'Manutenção e reparação de tanques, reservatórios metálicos e caldeiras, exceto para veículos', 'Manutenção e reparação de equipamentos e produtos não especificados anteriormente', 'Comércio a varejo de peças e acessórios novos para veículos automotores', 'Comércio atacadista de Máquinas e equipamentos para uso industrial; partes e peças', 'Comércio atacadista de mercadorias em geral, sem predominância de alimentos ou de insumos agropecuários', 'Comércio varejista de outros produtos não especificados anteriormente', 'Testes e análises técnicas', 'Serviços combinados de escritório e apoio administrativo', 'Outras atividades de serviços prestados principalmente às empresas não especificadas anteriormente']",171272996.67
47960950000121,Magazine Luiza SA,"['Lojas de departamentos ou magazines, exceto lojas francas (Duty free)', 'Serviços de montagem de móveis de qualquer material', 'Comércio atacadista de mercadorias em geral, sem predominância de alimentos ou de insumos agropecuários', 'Comércio varejista de mercadorias em geral, com predominância de produtos alimentícios - supermercados', 'Comércio varejista de bebidas', 'Comércio varejista de produtos alimentícios em geral ou especializado em produtos alimentícios não especificados anteriormente', 'Comércio varejista especializado de eletrodomésticos e equipamentos de áudio e vídeo', 'Comércio varejista de produtos farmacêuticos, sem manipulação de fórmulas', 'Comércio varejista de medicamentos veterinários', 'Comércio varejista de cosméticos, produtos de perfumaria e de higiene pessoal', 'Comércio varejista de artigos de óptica', 'Comércio varejista de outros produtos não especificados anteriormente', 'Depósitos de mercadorias para terceiros, exceto armazéns gerais e guarda-móveis', 'Desenvolvimento e licenciamento de programas de computador customizáveis', 'Desenvolvimento e licenciamento de programas de computador não-customizáveis', 'Tratamento de dados, provedores de serviços de aplicação e serviços de hospedagem na internet', 'Portais, provedores de conteúdo e outros serviços de informação na internet', 'Correspondentes de instituições financeiras', 'Agências de publicidade', 'Agenciamento de espaços para publicidade, exceto em veículos de comunicação', 'Promoção de vendas', 'Consultoria em publicidade', 'Outras atividades de publicidade não especificadas anteriormente', 'Atividades de intermediação e agenciamento de serviços e negócios em geral, exceto imobiliários', 'Aluguel de móveis, utensílios e aparelhos de uso doméstico e pessoal; instrumentos musicais', 'Agências de viagens', 'Operadores turísticos', 'Serviços de reservas e outros serviços de turismo não especificados anteriormente']",13802162483.7
04423567000121,Eneva SA,"['Extração de petróleo e gás natural', 'Atividades de apoio à extração de petróleo e gás natural', 'Fabricação de produtos do refino de petróleo', 'Geração de energia elétrica', 'Comércio atacadista de energia elétrica', 'Distribuição de energia elétrica', 'Produção de gás; processamento de gás natural', 'Distribuição de combustíveis gasosos por redes urbanas', 'Comércio atacadista de gás liqüefeito de petróleo (GLP)', 'Comércio varejista de gás liqüefeito de petróleo (GLP)', 'Holdings de instituições não-financeiras']",18134264033.68
08343492000120,MRV Engenharia e Participacoes SA,"['Incorporação de empreendimentos imobiliários', 'Construção de edifícios', 'Compra e venda de imóveis próprios', 'Aluguel de imóveis próprios', 'Gestão e administração da propriedade imobiliária', 'Atividades de intermediação e agenciamento de serviços e negócios em geral, exceto imobiliários']",5980308809.35
61156113000175,Iochpe-Maxion SA,"['Fabricação de outras peças e acessórios para veículos automotores não especificadas anteriormente', 'Serviços de usinagem, tornearia e solda', 'Serviços de engenharia', 'Outras atividades profissionais, científicas e técnicas não especificadas anteriormente']",1576954290.05
71673990000177,Natura Cosmeticos SA,"['Comércio atacadista de cosméticos e produtos de perfumaria', 'Comércio atacadista especializado em outros produtos alimentícios não especificados anteriormente', 'Comércio atacadista de artigos do vestuário e acessórios, exceto profissionais e de segurança', 'Comércio atacadista de medicamentos e drogas de uso humano', 'Comércio atacadista de produtos de higiene pessoal', 'Comércio atacadista de livros, jornais e outras publicações', 'Comércio atacadista de móveis e artigos de colchoaria', 'Comércio atacadista de produtos de higiene, limpeza e conservação domiciliar', 'Comércio atacadista de jóias, relógios e bijuterias, inclusive pedras preciosas e semipreciosas lapidadas', 'Comércio atacadista de outros equipamentos e artigos de uso pessoal e doméstico não especificados anteriormente', 'Comércio atacadista de equipamentos de informática', 'Comércio varejista especializado de eletrodomésticos e equipamentos de áudio e vídeo', 'Comércio varejista de discos, CDs, DVDs e fitas', 'Comércio varejista de brinquedos e artigos recreativos', 'Comércio varejista de artigos do vestuário e acessórios', 'Organização logística do transporte de carga', 'Outras sociedades de participação, exceto holdings', 'Correspondentes de instituições financeiras', 'Atividades de consultoria em gestão empresarial, exceto consultoria técnica específica', 'Pesquisas de mercado e de opinião pública', 'Atividades de intermediação e agenciamento de serviços e negócios em geral, exceto imobiliários', 'Outras atividades de serviços prestados principalmente às empresas não especificadas anteriormente', 'Atividades de estética e outros serviços de cuidados com a beleza']",2000000000
58119199000151,Odontoprev SA,['Planos de saúde'],851016554.14
62144175000120,Banco Pine SA,"['Bancos múltiplos, com carteira comercial']",952771337.84
88611835000129,Marcopolo SA,"['Fabricação de caminhões e ônibus', 'Fabricação de carrocerias para ônibus', 'Fabricação de cabines, carrocerias e reboques para outros veículos automotores, exceto caminhões e ônibus', 'Fabricação de outras peças e acessórios para veículos automotores não especificadas anteriormente', 'Fabricação de locomotivas, vagões e outros materiais rodantes', 'Fabricação de peças e acessórios para veículos ferroviários', 'Manutenção e reparação de veículos ferroviários', 'Comércio por atacado de ônibus e microônibus novos e usados', 'Representantes comerciais e agentes do comércio de veículos automotores', 'Serviços de manutenção e reparação mecânica de veículos automotores', 'Serviços de lanternagem ou funilaria e pintura de veículos automotores', 'Serviços de manutenção e reparação elétrica de veículos automotores', 'Serviços de alinhamento e balanceamento de veículos automotores', 'Serviços de instalação, manutenção e reparação de acessórios para veículos automotores', 'Comércio por atacado de peças e acessórios novos para veículos automotores', 'Comércio a varejo de peças e acessórios novos para veículos automotores', 'Comércio a varejo de peças e acessórios usados para veículos automotores', 'Representantes comerciais e agentes do comércio de peças e acessórios novos e usados para veículos automotores', 'Comércio varejista de artigos do vestuário e acessórios', 'Comércio varejista de suvenires, bijuterias e artesanatos', 'Serviços de engenharia', 'Serviços de desenho técnico relacionados à arquitetura e engenharia', 'Testes e análises técnicas', 'Locação de outros meios de transporte não especificados anteriormente, sem condutor', 'Treinamento em desenvolvimento profissional e gerencial']",2334052461.6
88611835000129,Marcopolo SA,"['Fabricação de caminhões e ônibus', 'Fabricação de carrocerias para ônibus', 'Fabricação de cabines, carrocerias e reboques para outros veículos automotores, exceto caminhões e ônibus', 'Fabricação de outras peças e acessórios para veículos automotores não especificadas anteriormente', 'Fabricação de locomotivas, vagões e outros materiais rodantes', 'Fabricação de peças e acessórios para veículos ferroviários', 'Manutenção e reparação de veículos ferroviários', 'Comércio por atacado de ônibus e microônibus novos e usados', 'Representantes comerciais e agentes do comércio de veículos automotores', 'Serviços de manutenção e reparação mecânica de veículos automotores', 'Serviços de lanternagem ou funilaria e pintura de veículos automotores', 'Serviços de manutenção e reparação elétrica de veículos automotores', 'Serviços de alinhamento e balanceamento de veículos automotores', 'Serviços de instalação, manutenção e reparação de acessórios para veículos automotores', 'Comércio por atacado de peças e acessórios novos para veículos automotores', 'Comércio a varejo de peças e acessórios novos para veículos automotores', 'Comércio a varejo de peças e acessórios usados para veículos automotores', 'Representantes comerciais e agentes do comércio de peças e acessórios novos e usados para veículos automotores', 'Comércio varejista de artigos do vestuário e acessórios', 'Comércio varejista de suvenires, bijuterias e artesanatos', 'Serviços de engenharia', 'Serviços de desenho técnico relacionados à arquitetura e engenharia', 'Testes e análises técnicas', 'Locação de outros meios de transporte não especificados anteriormente, sem condutor', 'Treinamento em desenvolvimento profissional e gerencial']",2334052461.6
02149205000169,Porto Seguro SA,"['Holdings de instituições financeiras', 'Holdings de instituições não-financeiras']",8500000000
24206970000106,Portobello SA,"['Fabricação de azulejos e pisos', 'Extração de outros minerais não-metálicos não especificados anteriormente', 'Fabricação de outros produtos de minerais não-metálicos não especificados anteriormente', 'Comércio atacadista de outros equipamentos e artigos de uso pessoal e doméstico não especificados anteriormente', 'Comércio atacadista de outras máquinas e equipamentos não especificados anteriormente; partes e peças', 'Comércio atacadista especializado em outros produtos intermediários não especificados anteriormente', 'Comércio varejista de materiais de construção não especificados anteriormente', 'Comércio varejista de outros produtos não especificados anteriormente']",10000
88613658000110,Pettenati SA Industria Textil,"['Confecção de peças de vestuário, exceto roupas íntimas e as confeccionadas sob medida', 'Facção de peças do vestuário, exceto roupas íntimas']",100000000
11669021000110,Enauta Participacoes SA,['Holdings de instituições não-financeiras'],558197657
16670085000155,Localiza Rent a Car SA,"['Locação de automóveis sem condutor', 'Holdings de instituições não-financeiras', 'Agenciamento de espaços para publicidade, exceto em veículos de comunicação', 'Atividades de intermediação e agenciamento de serviços e negócios em geral, exceto imobiliários', 'Aluguel de outras máquinas e equipamentos comerciais e industriais não especificados anteriormente, sem operador', 'Gestão de ativos intangíveis não-financeiros', 'Locação de mão-de-obra temporária', 'Atividades de monitoramento de sistemas de segurança eletrônico', 'Outras atividades de serviços prestados principalmente às empresas não especificadas anteriormente']",17548980975.01
43769280000100,Rossi Residencial SA,['Incorporação de empreendimentos imobiliários'],
02860694000162,T4F Entretenimento SA,"['Artes cênicas, espetáculos e atividades complementares não especificadas anteriormente', 'Comércio atacadista especializado em outros produtos intermediários não especificados anteriormente', 'Comércio varejista de bebidas', 'Comércio varejista de produtos alimentícios em geral ou especializado em produtos alimentícios não especificados anteriormente', 'Comércio varejista de outros produtos não especificados anteriormente', 'Serviços de malote não realizados pelo Correio Nacional', 'Restaurantes e similares', 'Consultoria em tecnologia da informação', 'Holdings de instituições não-financeiras', 'Atividades de consultoria em gestão empresarial, exceto consultoria técnica específica', 'Agências de publicidade', 'Agenciamento de espaços para publicidade, exceto em veículos de comunicação', 'Aluguel de outras máquinas e equipamentos comerciais e industriais não especificados anteriormente, sem operador', 'Serviços de reservas e outros serviços de turismo não especificados anteriormente', 'Serviços combinados de escritório e apoio administrativo', 'Serviços de organização de feiras, congressos, exposições e festas', 'Gestão de espaços para artes cênicas, espetáculos e outras atividades artísticas', 'Produção e promoção de eventos esportivos']",243022170.4
89096457000155,SLC Agricola SA,"['Atividades de apoio à agricultura não especificadas anteriormente', 'Cultivo de milho', 'Cultivo de outros cereais não especificados anteriormente', 'Cultivo de algodão herbáceo', 'Cultivo de cana-de-açúcar', 'Cultivo de soja', 'Cultivo de girassol', 'Cultivo de outras oleaginosas de lavoura temporária não especificadas anteriormente', 'Cultivo de café', 'Produção de sementes certificadas, exceto de forrageiras para pasto', 'Criação de bovinos para corte', 'Serviço de preparação de terreno, cultivo e colheita', 'Atividades de pós-colheita', 'Fabricação de óleos vegetais em bruto, exceto óleo de milho', 'Fabricação de açúcar em bruto', 'Fabricação de açúcar de cana refinado', 'Fabricação de álcool', 'Comércio atacadista de energia elétrica', 'Comércio atacadista de café em grão', 'Comércio atacadista de soja', 'Comércio atacadista de algodão', 'Comércio atacadista de matérias-primas agrícolas não especificadas anteriormente', 'Armazéns gerais - emissão de warrant', 'Depósitos de mercadorias para terceiros, exceto armazéns gerais e guarda-móveis', 'Testes e análises técnicas', 'Locação de automóveis sem condutor', 'Locação de outros meios de transporte não especificados anteriormente, sem condutor', 'Aluguel de máquinas e equipamentos agrícolas sem operador']",2012521509.85
51466860000156,Sao Martinho SA,"['Fabricação de açúcar em bruto', 'Cultivo de cana-de-açúcar', 'Cultivo de soja', 'Produção de mudas e outras formas de propagação vegetal, certificadas', 'Serviço de preparação de terreno, cultivo e colheita', 'Fabricação de alimentos para animais', 'Fabricação de álcool', 'Fabricação de defensivos agrícolas', 'Geração de energia elétrica', 'Representantes comerciais e agentes do comércio de combustíveis, minerais, produtos siderúrgicos e químicos', 'Representantes comerciais e agentes do comércio de produtos alimentícios, bebidas e fumo', 'Comércio atacadista de defensivos agrícolas, adubos, fertilizantes e corretivos do solo', 'Depósitos de mercadorias para terceiros, exceto armazéns gerais e guarda-móveis', 'Carga e descarga', 'Holdings de instituições não-financeiras', 'Atividades de intermediação e agenciamento de serviços e negócios em geral, exceto imobiliários']",4445192198.41
02474103000119,Engie Brasil Energia SA,"['Geração de energia elétrica', 'Manutenção e reparação de geradores, transformadores e motores elétricos', 'Manutenção e reparação de máquinas, aparelhos e equipamentos para instalações térmicas', 'Comércio atacadista de energia elétrica', 'Holdings de instituições não-financeiras', 'Serviços combinados de escritório e apoio administrativo', 'Treinamento em desenvolvimento profissional e gerencial']",4902647710.37
08065557000112,Tecnisa SA,"['Incorporação de empreendimentos imobiliários', 'Holdings de instituições não-financeiras', 'Aluguel de imóveis próprios', 'Corretagem no aluguel de imóveis']",1868315630
09295063000197,Technos SA,['Holdings de instituições não-financeiras'],130586573.49
02558115000121,Tim Participacoes SA,['Holdings de instituições não-financeiras'],11557426974.26
53113791000122,Totvs SA,"['Desenvolvimento de programas de computador sob encomenda', 'Desenvolvimento e licenciamento de programas de computador customizáveis', 'Consultoria em tecnologia da informação', 'Suporte técnico, manutenção e outros serviços em tecnologia da informação', 'Tratamento de dados, provedores de serviços de aplicação e serviços de hospedagem na internet', 'Portais, provedores de conteúdo e outros serviços de informação na internet', 'Atividades de consultoria em gestão empresarial, exceto consultoria técnica específica', 'Fornecimento e gestão de recursos humanos para terceiros', 'Serviços de organização de feiras, congressos, exposições e festas', 'Treinamento em informática']",2962584687.27
08811643000127,Trisul SA,"['Holdings de instituições não-financeiras', 'Incorporação de empreendimentos imobiliários']",866080000
05341549000163,Tarpon Investimentos SA,"['Atividades de administração de fundos por contrato ou comissão', 'Holdings de instituições não-financeiras', 'Outras atividades auxiliares dos serviços financeiros não especificadas anteriormente', 'Atividades de intermediação e agenciamento de serviços e negócios em geral, exceto imobiliários']",1000000
33256439000139,Ultrapar Participacoes SA,['Holdings de instituições não-financeiras'],6621751608.08
33958695000178,Unipar Carbocloro SA,"['Serviços combinados de escritório e apoio administrativo', 'Fabricação de cloro e álcalis', 'Depósitos de mercadorias para terceiros, exceto armazéns gerais e guarda-móveis', 'Holdings de instituições não-financeiras']",1170109718.07
33958695000178,Unipar Carbocloro SA,"['Serviços combinados de escritório e apoio administrativo', 'Fabricação de cloro e álcalis', 'Depósitos de mercadorias para terceiros, exceto armazéns gerais e guarda-móveis', 'Holdings de instituições não-financeiras']",1170109718.07
33592510000154,Vale SA,"['Extração de minério de ferro', 'Atividades de apoio à extração de minério de ferro', 'Serviços combinados de escritório e apoio administrativo']",77300000000
02558157000162,Telefonica Brasil SA,"['Serviços de telefonia fixa comutada - STFC', 'Manutenção e reparação de máquinas e equipamentos para uso geral não especificados anteriormente', 'Instalação de outros equipamentos não especificados anteriormente', 'Construção de estações e redes de telecomunicações', 'Manutenção de estações e redes de telecomunicações', 'Instalação e manutenção elétrica', 'Comércio varejista especializado de equipamentos e suprimentos de informática', 'Serviços de comunicação multimídia - SCM', 'Serviços de telecomunicações sem fio não especificados anteriormente', 'Outras atividades de telecomunicações não especificadas anteriormente', 'Desenvolvimento e licenciamento de programas de computador não-customizáveis', 'Consultoria em tecnologia da informação', 'Suporte técnico, manutenção e outros serviços em tecnologia da informação', 'Tratamento de dados, provedores de serviços de aplicação e serviços de hospedagem na internet', 'Portais, provedores de conteúdo e outros serviços de informação na internet', 'Outras atividades de prestação de serviços de informação não especificadas anteriormente', 'Atividades de consultoria em gestão empresarial, exceto consultoria técnica específica', 'Serviços de engenharia', 'Atividades de intermediação e agenciamento de serviços e negócios em geral, exceto imobiliários', 'Aluguel de outras máquinas e equipamentos comerciais e industriais não especificados anteriormente, sem operador', 'Gestão de ativos intangíveis não-financeiros', 'Atividades de monitoramento de sistemas de segurança eletrônico', 'Atividades de cobranças e informações cadastrais', 'Outras atividades de serviços prestados principalmente às empresas não especificadas anteriormente', 'Reparação e manutenção de computadores e de equipamentos periféricos', 'Reparação e manutenção de equipamentos de comunicação', 'Reparação e manutenção de equipamentos eletroeletrônicos de uso pessoal e doméstico']",60071415865.09
02558157000162,Telefonica Brasil SA,"['Serviços de telefonia fixa comutada - STFC', 'Manutenção e reparação de máquinas e equipamentos para uso geral não especificados anteriormente', 'Instalação de outros equipamentos não especificados anteriormente', 'Construção de estações e redes de telecomunicações', 'Manutenção de estações e redes de telecomunicações', 'Instalação e manutenção elétrica', 'Comércio varejista especializado de equipamentos e suprimentos de informática', 'Serviços de comunicação multimídia - SCM', 'Serviços de telecomunicações sem fio não especificados anteriormente', 'Outras atividades de telecomunicações não especificadas anteriormente', 'Desenvolvimento e licenciamento de programas de computador não-customizáveis', 'Consultoria em tecnologia da informação', 'Suporte técnico, manutenção e outros serviços em tecnologia da informação', 'Tratamento de dados, provedores de serviços de aplicação e serviços de hospedagem na internet', 'Portais, provedores de conteúdo e outros serviços de informação na internet', 'Outras atividades de prestação de serviços de informação não especificadas anteriormente', 'Atividades de consultoria em gestão empresarial, exceto consultoria técnica específica', 'Serviços de engenharia', 'Atividades de intermediação e agenciamento de serviços e negócios em geral, exceto imobiliários', 'Aluguel de outras máquinas e equipamentos comerciais e industriais não especificados anteriormente, sem operador', 'Gestão de ativos intangíveis não-financeiros', 'Atividades de monitoramento de sistemas de segurança eletrônico', 'Atividades de cobranças e informações cadastrais', 'Outras atividades de serviços prestados principalmente às empresas não especificadas anteriormente', 'Reparação e manutenção de computadores e de equipamentos periféricos', 'Reparação e manutenção de equipamentos de comunicação', 'Reparação e manutenção de equipamentos eletroeletrônicos de uso pessoal e doméstico']",60071415865.09
84429695000111,WEG SA,"['Holdings de instituições não-financeiras', 'Fabricação de tintas, vernizes, esmaltes e lacas', 'Fabricação de componentes eletrônicos', 'Fabricação de aparelhos e equipamentos de medida, teste e controle', 'Fabricação de geradores de corrente contínua e alternada, peças e acessórios', 'Fabricação de transformadores, indutores, conversores, sincronizadores e semelhantes, peças e acessórios', 'Fabricação de motores elétricos, peças e acessórios', 'Fabricação de material elétrico para instalações em circuito de consumo', 'Manutenção e reparação de geradores, transformadores e motores elétricos', 'Manutenção e reparação de máquinas motrizes não-elétricas', 'Manutenção e reparação de outras máquinas e equipamentos para usos industriais não especificados anteriormente', 'Comércio atacadista de Máquinas e equipamentos para uso industrial; partes e peças', 'Comércio atacadista de outras máquinas e equipamentos não especificados anteriormente; partes e peças', 'Comércio atacadista de material elétrico', 'Comércio varejista de material elétrico', 'Atividades de consultoria em gestão empresarial, exceto consultoria técnica específica', 'Serviços de engenharia', 'Outras atividades profissionais, científicas e técnicas não especificadas anteriormente']",7504516508
61472676000172,Banco Santander Brasil SA,"['Bancos múltiplos, com carteira comercial']",
02762121000104,Santos Brasil Participacoes SA,"['Atividades do Operador Portuário', 'Armazéns gerais - emissão de warrant', 'Holdings de instituições não-financeiras']",279484344.39
07950674000104,CCX Carvao da Colombia SA,"['Outras sociedades de participação, exceto holdings']",742186771.18
61585865000151,Raia Drogasil SA,"['Comércio varejista de produtos farmacêuticos, sem manipulação de fórmulas', 'Comércio atacadista de medicamentos e drogas de uso humano', 'Comércio atacadista de instrumentos e materiais para uso médico, cirúrgico, hospitalar e de laboratórios', 'Comércio atacadista de cosméticos e produtos de perfumaria', 'Comércio atacadista de produtos de higiene pessoal', 'Comércio atacadista de mercadorias em geral, sem predominância de alimentos ou de insumos agropecuários', 'Comércio varejista de doces, balas, bombons e semelhantes', 'Comércio varejista de mercadorias em lojas de conveniência', 'Comércio varejista de produtos alimentícios em geral ou especializado em produtos alimentícios não especificados anteriormente', 'Comércio varejista de produtos farmacêuticos homeopáticos', 'Comércio varejista de cosméticos, produtos de perfumaria e de higiene pessoal', 'Comércio varejista de produtos saneantes domissanitários', 'Depósitos de mercadorias para terceiros, exceto armazéns gerais e guarda-móveis', 'Carga e descarga', 'Desenvolvimento e licenciamento de programas de computador customizáveis', 'Atividades de intermediação e agenciamento de serviços e negócios em geral, exceto imobiliários', 'Serviços de vacinação e imunização humana', 'Atividades de profissionais da área de saúde não especificadas anteriormente']",4000000000
90441460000148,UNICASA Industria de Moveis SA,"['Fabricação de móveis com predominância de madeira', 'Fabricação de móveis com predominância de metal', 'Fabricação de móveis de outros materiais, exceto madeira e metal', 'Serviços de montagem de móveis de qualquer material', 'Representantes comerciais e agentes do comércio de madeira, material de construção e ferragens', 'Representantes comerciais e agentes do comércio de eletrodomésticos, móveis e artigos de uso doméstico', 'Outros representantes comerciais e agentes do comércio especializado em produtos não especificados anteriormente', 'Representantes comerciais e agentes do comércio de mercadorias em geral não especializado', 'Comércio atacadista de artigos de cama, mesa e banho', 'Comércio atacadista de equipamentos elétricos de uso pessoal e doméstico', 'Comércio atacadista de móveis e artigos de colchoaria', 'Comércio atacadista de lustres, luminárias e abajures', 'Comércio atacadista de material elétrico', 'Comércio atacadista especializado em outros produtos intermediários não especificados anteriormente', 'Comércio varejista de material elétrico', 'Comércio varejista especializado de eletrodomésticos e equipamentos de áudio e vídeo', 'Comércio varejista de móveis', 'Comércio varejista de artigos de colchoaria', 'Comércio varejista de artigos de iluminação', 'Comercio varejista de artigos de cama, mesa e banho', 'Comércio varejista de outros artigos de uso pessoal e doméstico não especificados anteriormente', 'Edição de revistas', 'Holdings de instituições não-financeiras', 'Compra e venda de imóveis próprios', 'Aluguel de imóveis próprios', 'Atividades de intermediação e agenciamento de serviços e negócios em geral, exceto imobiliários', 'Serviços combinados de escritório e apoio administrativo']",147000000
17344597000194,BB Seguridade Participacoes SA,['Holdings de instituições não-financeiras'],3396767124.93
48946987000168,Smiles Fidelidade SA,"['Outras atividades de serviços prestados principalmente às empresas não especificadas anteriormente', 'Atividades auxiliares dos transportes aéreos, exceto operação dos aeroportos e campos de aterrissagem', 'Outras atividades de prestação de serviços de informação não especificadas anteriormente', 'Holdings de instituições não-financeiras', 'Outras sociedades de participação, exceto holdings']",1000
02541982000154,Somos Educacao SA,"['Edição de livros', 'Comércio varejista de livros', 'Promoção de vendas']",458337329.84
17346997000139,Cosan Logistica SA,"['Holdings de instituições não-financeiras', 'Atividades do Operador Portuário']",2284892538.69
22770366000182,Tec Toy SA,"['Fabricação de periféricos para equipamentos de informática', 'Fabricação de componentes eletrônicos', 'Fabricação de equipamentos de informática', 'Fabricação de aparelhos telefônicos e de outros equipamentos de comunicação, peças e acessórios', 'Fabricação de aparelhos de recepção, reprodução, gravação e amplificação de áudio e vídeo', 'Fabricação de mídias virgens, magnéticas e ópticas', 'Fabricação de outros equipamentos e aparelhos elétricos não especificados anteriormente', 'Fabricação de jogos eletrônicos', 'Fabricação de outros brinquedos e jogos recreativos não especificados anteriormente', 'Manutenção e reparação de equipamentos e produtos não especificados anteriormente', 'Comércio atacadista de equipamentos de informática', 'Comércio atacadista de componentes eletrônicos e equipamentos de telefonia e comunicação', 'Comércio atacadista de mercadorias em geral, sem predominância de alimentos ou de insumos agropecuários', 'Comércio varejista especializado de equipamentos e suprimentos de informática', 'Gestão de ativos intangíveis não-financeiros', 'Reparação e manutenção de computadores e de equipamentos periféricos']",20704508.3
08402943000152,Guararapes Confeccoes SA,"['Confecção de peças de vestuário, exceto roupas íntimas e as confeccionadas sob medida', 'Facção de peças do vestuário, exceto roupas íntimas']",3100000000
05720118000108,Kimberly Clark Corp,['Holdings de instituições não-financeiras'],
59105999000186,Whirlpool SA,"['Fabricação de fogões, refrigeradores e máquinas de lavar e secar para uso doméstico, peças e acessórios', 'Fabricação de aparelhos eletromédicos e eletroterapêuticos e equipamentos de irradiação', 'Fabricação de instrumentos não-eletrônicos e utensílios para uso médico, cirúrgico, odontológico e de laboratório', 'Representantes comerciais e agentes do comércio de eletrodomésticos, móveis e artigos de uso doméstico', 'Comércio atacadista de instrumentos e materiais para uso médico, cirúrgico, hospitalar e de laboratórios', 'Comércio atacadista de produtos de higiene, limpeza e conservação domiciliar', 'Comércio varejista de artigos médicos e ortopédicos', 'Comércio varejista de produtos saneantes domissanitários', 'Aluguel de móveis, utensílios e aparelhos de uso doméstico e pessoal; instrumentos musicais', 'Serviços combinados de escritório e apoio administrativo', 'Outras atividades de serviços prestados principalmente às empresas não especificadas anteriormente', 'Reparação e manutenção de equipamentos eletroeletrônicos de uso pessoal e doméstico']",1159102348.07
84693183000168,Schulz SA,"['Fabricação de compressores para uso industrial, peças e acessórios', 'Fabricação de equipamentos hidráulicos e pneumáticos, peças e acessórios, exceto válvulas', 'Fabricação de compressores para uso não industrial, peças e acessórios', 'Fabricação de outras máquinas e equipamentos de uso geral não especificados anteriormente, peças e acessórios', 'Fabricação de máquinas-ferramenta, peças e acessórios', 'Instalação de máquinas e equipamentos industriais', 'Aluguel de outras máquinas e equipamentos comerciais e industriais não especificados anteriormente, sem operador']",725645620
04128563000110,AES Tiete Energia SA,['Geração de energia elétrica'],1765947667.67
76484013000145,Companhia de Saneamento do Parana Sanepar,"['Captação, tratamento e distribuição de água']",6000000000
92702067000196,Banco do Estado do Rio Grande do Sul SA,"['Bancos múltiplos, com carteira comercial']",8000000000
00864214000106,Energisa SA,"['Holdings de instituições não-financeiras', 'Consultoria em tecnologia da informação', 'Suporte técnico, manutenção e outros serviços em tecnologia da informação', 'Atividades de intermediação e agenciamento de serviços e negócios em geral, exceto imobiliários']",7540742407.4
61070678000135,Sansuy SA Industria de Plasticos,['Fabricação de artefatos de material plástico para uso pessoal e doméstico'],
28127603000178,Banestes SA Banco do Estado do Espirito Santo,"['Bancos múltiplos, com carteira comercial', 'Arrendamento mercantil', 'Emissão de vales-alimentação, vales-transporte e similares']",1600000000
17184037000110,Banco Mercantil do Brasil SA,"['Bancos múltiplos, com carteira comercial']",807203166
34169557000172,Banco Mercantil de Investimentos SA,['Bancos de investimento'],82028400
07237373000120,Banco do Nordeste do Brasil SA,"['Bancos múltiplos, com carteira comercial']",11648937607.81
60770336000165,Banco Alfa de Investimento SA,['Bancos de investimento'],820925000
33050071000158,Ampla Energia e Servicos SA,['Distribuição de energia elétrica'],6953230392.3
15139629000194,Companhia de Eletricidade do Estado da Bahia Coelba,['Distribuição de energia elétrica'],2988161799.23
61856571000117,Companhia de Gas de Sao Paulo Comgas,"['Distribuição de combustíveis gasosos por redes urbanas', 'Transporte dutoviário']",536315493.02
08439659000150,CPFL Energias Renovaveis SA,"['Holdings de instituições não-financeiras', 'Geração de energia elétrica', 'Comércio atacadista de energia elétrica', 'Atividades de consultoria em gestão empresarial, exceto consultoria técnica específica', 'Atividades de intermediação e agenciamento de serviços e negócios em geral, exceto imobiliários']",2632291914.16
08324196000181,Companhia Energetica do Rio Grande do Norte Cosern,['Distribuição de energia elétrica'],542339236.13
10760260000119,CVC Brasil Operadora e Agencia de Viagens SA,"['Agências de viagens', 'Correspondentes de instituições financeiras', 'Outras atividades auxiliares dos serviços financeiros não especificadas anteriormente', 'Atividades de intermediação e agenciamento de serviços e negócios em geral, exceto imobiliários', 'Operadores turísticos', 'Serviços de reservas e outros serviços de turismo não especificados anteriormente', 'Serviços de organização de feiras, congressos, exposições e festas']",1755263701.98
03303999000136,Dtcom Direct to Company SA,"['Treinamento em desenvolvimento profissional e gerencial', 'Serviços de acabamentos gráficos, exceto encadernação e plastificação', 'Edição de livros', 'Edição de revistas', 'Edição integrada à impressão de livros', 'Estúdios cinematográficos', 'Atividades de rádio', 'Atividades relacionadas à televisão por assinatura, exceto programadoras', 'Telecomunicações por satélite', 'Operadoras de televisão por assinatura por satélite', 'Outras atividades de telecomunicações não especificadas anteriormente', 'Desenvolvimento e licenciamento de programas de computador customizáveis', 'Consultoria em tecnologia da informação', 'Tratamento de dados, provedores de serviços de aplicação e serviços de hospedagem na internet', 'Portais, provedores de conteúdo e outros serviços de informação na internet', 'Outras sociedades de participação, exceto holdings', 'Atividades de consultoria em gestão empresarial, exceto consultoria técnica específica', 'Agências de publicidade', 'Promoção de vendas', 'Outras atividades profissionais, científicas e técnicas não especificadas anteriormente', 'Seleção e agenciamento de mão-de-obra', 'Serviços combinados de escritório e apoio administrativo', 'Serviços de organização de feiras, congressos, exposições e festas', 'Outras atividades de serviços prestados principalmente às empresas não especificadas anteriormente', 'Atividades de apoio à educação, exceto caixas escolares', 'Outras atividades de ensino não especificadas anteriormente', 'Outras atividades de serviços pessoais não especificadas anteriormente']",68223102.16
10362796000186,Elekeiroz SA,['Fabricação de outros produtos químicos não especificados anteriormente'],
87762563000103,Companhia Habitasul de Participacoes,['Holdings de instituições não-financeiras'],277181809.47
92749225000163,Hercules SA Fabrica De Talheres,"['Fabricação de artigos de cutelaria', 'Fabricação de artigos de metal para uso doméstico e pessoal']",
13094786000103,Banco Indusval SA,['Bancos comerciais'],
87456562000122,Josapar Joaquim Oliveira SA Participacoes,"['Holdings de instituições não-financeiras', 'Beneficiamento de arroz', 'Fabricação de adubos e fertilizantes, exceto organo-minerais', 'Fabricação de embalagens de material plástico', 'Comércio atacadista de energia elétrica', 'Comércio atacadista de sementes, flores, plantas e gramas', 'Comércio atacadista de alimentos para animais', 'Comércio atacadista de cereais e leguminosas beneficiados', 'Comércio atacadista de farinhas, amidos e féculas', 'Comércio atacadista de cereais e leguminosas beneficiados, farinhas, amidos e féculas, com atividade de fracionamento e acondicionamento associada', 'Comércio atacadista especializado em outros produtos alimentícios não especificados anteriormente', 'Comércio atacadista de defensivos agrícolas, adubos, fertilizantes e corretivos do solo', 'Transporte rodoviário de carga, exceto produtos perigosos e mudanças, intermunicipal, interestadual e internacional']",120000000
89637490000145,Klabin SA,"['Fabricação de celulose e outras pastas para a fabricação de papel', 'Serviços combinados de escritório e apoio administrativo']",6075624836
17162082000173,Mendes Junior Engenharia SA,['Construção de obras de arte especiais'],
90076886000140,Minupar Participacoes SA,['Holdings de instituições não-financeiras'],120107800
01938783000111,Companhia de Participacoes Alianca da Bahia,['Holdings de instituições não-financeiras'],612157210.45
91333666000117,Recrusul SA,"['Fabricação de cabines, carrocerias e reboques para caminhões']",350000000
04986320000113,Ser Educacional SA,"['Educação superior - graduação e pós-graduação', 'Outras sociedades de participação, exceto holdings', 'Aluguel de imóveis próprios', 'Ensino médio', 'Educação superior - pós-graduação e extensão', 'Educação profissional de nível técnico', 'Educação profissional de nível tecnológico', 'Treinamento em desenvolvimento profissional e gerencial', 'Cursos preparatórios para concursos', 'Outras atividades de ensino não especificadas anteriormente']",991644172.8
48946987000168,Smiles Fidelidade SA,"['Outras atividades de serviços prestados principalmente às empresas não especificadas anteriormente', 'Atividades auxiliares dos transportes aéreos, exceto operação dos aeroportos e campos de aterrissagem', 'Outras atividades de prestação de serviços de informação não especificadas anteriormente', 'Holdings de instituições não-financeiras', 'Outras sociedades de participação, exceto holdings']",1000
92929520000100,Springer SA,['Fabricação de material elétrico para instalações em circuito de consumo'],
00336701000104,Telecomunicacoes Brasileiras SA Telebras,"['Serviços de comunicação multimídia - SCM', 'Telecomunicações por satélite', 'Provedores de acesso às redes de comunicações', 'Provedores de voz sobre protocolo internet - VOIP', 'Outras atividades de telecomunicações não especificadas anteriormente', 'Suporte técnico, manutenção e outros serviços em tecnologia da informação', 'Tratamento de dados, provedores de serviços de aplicação e serviços de hospedagem na internet']",3474498085.47
07000400000146,BB Fundo de Investimento Imobiliario Progressivo,['Fundos de investimento imobiliários'],
06175262000173,Fundo de Investimento Imobiliario Edificio Ourinvest,"['Fundos de investimento, exceto previdenciários e imobiliários']",
00146461000177,Delta Air Lines Inc,"['Transporte aéreo de passageiros regular', 'Transporte aéreo de carga']",
10720843000116,Thermo Fisher Scientific Inc,[],
10338320000100,Afluente Transmissao de Energia Eletrica SA,"['Holdings de instituições não-financeiras', 'Transmissão de energia elétrica']",63084700
13009717000146,Banco do Estado de Sergipe SA,"['Bancos múltiplos, com carteira comercial']",589999874.68
93828986000173,Cemepe Investimentos SA,['Holdings de instituições não-financeiras'],23550366.68
92693019000189,Panatlantica SA,"['Fabricação de outros produtos de metal não especificados anteriormente', 'Holdings de instituições não-financeiras']",450000000
17167396000169,Alfa Holdings SA,['Holdings de instituições financeiras'],436556000
21314559000166,Movida Participacoes SA,"['Locação de automóveis sem condutor', 'Serviço de transporte de passageiros - locação de automóveis com motorista', 'Outras sociedades de participação, exceto holdings', 'Atividades de intermediação e agenciamento de serviços e negócios em geral, exceto imobiliários', 'Locação de outros meios de transporte não especificados anteriormente, sem condutor', 'Outras atividades de serviços prestados principalmente às empresas não especificadas anteriormente']",2630122188.48
19378769000176,Instituto Hermes Pardini SA,"['Atividades de serviços de complementação diagnóstica e terapêutica não especificadas anteriormente', 'Pesquisa e desenvolvimento experimental em ciências sociais e humanas', 'Outras atividades profissionais, científicas e técnicas não especificadas anteriormente', 'Atividades veterinárias', 'Treinamento em desenvolvimento profissional e gerencial', 'Atividade médica ambulatorial com recursos para realização de exames complementares', 'Atividade médica ambulatorial restrita a consultas', 'Atividade odontológica', 'Serviços de vacinação e imunização humana', 'Laboratórios de anatomia patológica e citológica', 'Laboratórios clínicos', 'Serviços de tomografia', 'Serviços de diagnóstico por imagem com uso de radiação ionizante, exceto tomografia', 'Serviços de ressonância magnética', 'Serviços de diagnóstico por imagem sem uso de radiação ionizante, exceto ressonância magnética', 'Serviços de diagnóstico por registro gráfico - ECG, EEG e outros exames análogos']",1205033410.58
30306294000145,Banco BTG Pactual SA,"['Bancos múltiplos, com carteira comercial', 'Comércio atacadista de energia elétrica']",15839880488.92
08534605000174,Renova Energia SA,"['Holdings de instituições não-financeiras', 'Fabricação de outras máquinas e equipamentos de uso geral não especificados anteriormente, peças e acessórios', 'Comércio atacadista de energia elétrica', 'Construção de estações e redes de distribuição de energia elétrica', 'Instalações hidráulicas, sanitárias e de gás', 'Comércio atacadista de outras máquinas e equipamentos não especificados anteriormente; partes e peças', 'Comércio varejista de outros produtos não especificados anteriormente', 'Atividades de consultoria em gestão empresarial, exceto consultoria técnica específica', 'Serviços de engenharia', 'Aluguel de outras máquinas e equipamentos comerciais e industriais não especificados anteriormente, sem operador', 'Gestão de ativos intangíveis não-financeiros']",4170394390.17
04661817000161,Kinea Private Equity Investimentos SA,['Atividades de administração de fundos por contrato ou comissão'],7904412.5
71476527000135,Construtora Tenda SA,"['Construção de edifícios', 'Incorporação de empreendimentos imobiliários', 'Outras obras de engenharia civil não especificadas anteriormente', 'Administração de obras', 'Outras sociedades de participação, exceto holdings', 'Aluguel de imóveis próprios', 'Corretagem na compra e venda e avaliação de imóveis', 'Promoção de vendas', 'Atividades de intermediação e agenciamento de serviços e negócios em geral, exceto imobiliários']",910728801.38
75315333000109,Atacadao SA,"['Comércio varejista de mercadorias em geral, com predominância de produtos alimentícios - hipermercados', 'Comércio atacadista de mercadorias em geral, com predominância de produtos alimentícios', 'Comércio atacadista de mercadorias em geral, sem predominância de alimentos ou de insumos agropecuários', 'Carga e descarga', 'Lanchonetes, casas de chá, de sucos e similares', 'Cantinas - serviços de alimentação privativos', 'Correspondentes de instituições financeiras', 'Atividades de teleatendimento']",9959241526.26
19688956000156,Biotoscana Investments SA,['Holdings de instituições não-financeiras'],
02998301000181,Rio Paranapanema Energia SA,['Geração de energia elétrica'],839137503.8
76484013000145,Companhia de Saneamento do Parana Sanepar,"['Captação, tratamento e distribuição de água']",6000000000
64904295000103,Camil Alimentos SA,"['Beneficiamento de arroz', 'Atividades de pós-colheita', 'Fabricação de produtos do arroz', 'Moagem de trigo e fabricação de derivados', 'Beneficiamento de café', 'Torrefação e moagem de café', 'Fabricação de massas alimentícias', 'Fabricação de alimentos e pratos prontos', 'Fabricação de outros produtos alimentícios não especificados anteriormente', 'Fabricação de refrescos, xaropes e pós para refrescos, exceto refrescos de frutas', 'Geração de energia elétrica', 'Comércio atacadista de café em grão', 'Comércio atacadista de cereais e leguminosas beneficiados, farinhas, amidos e féculas, com atividade de fracionamento e acondicionamento associada', 'Comércio atacadista de pescados e frutos do mar', 'Comércio atacadista de bebidas não especificadas anteriormente', 'Comércio atacadista de café torrado, moído e solúvel', 'Comércio atacadista de massas alimentícias', 'Comércio atacadista especializado em outros produtos alimentícios não especificados anteriormente', 'Comércio atacadista de produtos alimentícios em geral', 'Comércio atacadista de produtos alimentícios em geral, com atividade de fracionamento e acondicionamento associada', 'Comércio atacadista de outros equipamentos e artigos de uso pessoal e doméstico não especificados anteriormente', 'Comércio varejista de mercadorias em geral, com predominância de produtos alimentícios - minimercados, mercearias e armazéns', 'Comércio varejista de produtos alimentícios em geral ou especializado em produtos alimentícios não especificados anteriormente', 'Transporte rodoviário de carga, exceto produtos perigosos e mudanças, intermunicipal, interestadual e internacional', 'Serviços combinados de escritório e apoio administrativo']",950373789.63
01083200000118,NEOENERGIA SA,"['Holdings de instituições não-financeiras', 'Comércio atacadista de energia elétrica', 'Atividades de intermediação e agenciamento de serviços e negócios em geral, exceto imobiliários']",9334602302.74
01545826000107,Gafisa SA,"['Incorporação de empreendimentos imobiliários', 'Construção de edifícios', 'Compra e venda de imóveis próprios', 'Serviços de engenharia']",1701598382.04
60730348000166,Companhia Melhoramentos de Sao Paulo,['Holdings de instituições não-financeiras'],153718776
18307582000119,Hedge Top Fofii 3 Fundo De Investimento Imobiliario,['Fundos de investimento imobiliários'],
10395788000136,Jereissati Participacoes SA,"['Construção de edifícios', 'Holdings de instituições não-financeiras', 'Compra e venda de imóveis próprios']",395566113.58
08364948000138,Alupar Investimento SA,"['Holdings de instituições não-financeiras', 'Comércio atacadista de energia elétrica', 'Atividades de consultoria em gestão empresarial, exceto consultoria técnica específica']",3673567896.76
09041168000110,Log Commercial Properties e Participacoes SA,"['Aluguel de imóveis próprios', 'Incorporação de empreendimentos imobiliários', 'Construção de edifícios', 'Outras sociedades de participação, exceto holdings', 'Gestão e administração da propriedade imobiliária']",2753976285.73
07859971000130,Transmissora Alianca de Energia Eletrica SA,"['Transmissão de energia elétrica', 'Holdings de instituições não-financeiras']",3067535193.28
61351532000168,Azevedo & Travassos SA,"['Construção de rodovias e ferrovias', 'Obras de urbanização - ruas, praças e calçadas', 'Outras obras de engenharia civil não especificadas anteriormente']",651194005.36
62002886000160,Sao Paulo Turismo SA,"['Serviços de organização de feiras, congressos, exposições e festas', 'Serviços de alimentação para eventos e recepções - bufê', 'Atividades de produção cinematográfica, de vídeos e de programas de televisão não especificadas anteriormente', 'Atividades de pós-produção cinematográfica, de vídeos e de programas de televisão não especificadas anteriormente', 'Outras atividades de telecomunicações não especificadas anteriormente', 'Portais, provedores de conteúdo e outros serviços de informação na internet', 'Outras atividades de prestação de serviços de informação não especificadas anteriormente', 'Criação de estandes para feiras e exposições', 'Outras atividades de publicidade não especificadas anteriormente', 'Pesquisas de mercado e de opinião pública', 'Atividades de intermediação e agenciamento de serviços e negócios em geral, exceto imobiliários', 'Operadores turísticos', 'Serviços de reservas e outros serviços de turismo não especificados anteriormente', 'Produção de espetáculos de dança', 'Artes cênicas, espetáculos e atividades complementares não especificadas anteriormente', 'Restauração e conservação de lugares e prédios históricos', 'Produção e promoção de eventos esportivos', 'Outras atividades de recreação e lazer não especificadas anteriormente']",246149586.14
30306294000145,Banco BTG Pactual SA,"['Bancos múltiplos, com carteira comercial', 'Comércio atacadista de energia elétrica']",15839880488.92
30540991000166,Haga SA Industria e Comercio,"['Fabricação de artigos de serralheria, exceto esquadrias']",
92693019000189,Panatlantica SA,"['Fabricação de outros produtos de metal não especificados anteriormente', 'Holdings de instituições não-financeiras']",450000000
01938783000111,Companhia de Participacoes Alianca da Bahia,['Holdings de instituições não-financeiras'],612157210.45
15101405000193,Correa Ribeiro SA Comercio e Industria,"['Compra e venda de imóveis próprios', 'Construção de edifícios', 'Aluguel de imóveis próprios']",1423541.58
92660570000126,Trevisa Investimentos SA,"['Holdings de instituições não-financeiras', 'Construção de embarcações de grande porte', 'Manutenção e reparação de embarcações e estruturas flutuantes', 'Representantes comerciais e agentes do comércio de mercadorias em geral não especializado', 'Comissaria de despachos', 'Aluguel de imóveis próprios', 'Locação de embarcações sem tripulação, exceto para fins recreativos']",60000000
17162082000173,Mendes Junior Engenharia SA,['Construção de obras de arte especiais'],
85778074000106,Metalurgica Riosulense SA,"['Fabricação de peças e acessórios para o sistema motor de veículos automotores', 'Fabricação de artefatos diversos de cortiça, bambu, palha, vime e outros materiais trançados, exceto móveis', 'Fundição de ferro e aço', 'Fundição de metais não-ferrosos e suas ligas', 'Serviços de tratamento e revestimento em metais', 'Fabricação de outras máquinas e equipamentos de uso geral não especificados anteriormente, peças e acessórios', 'Fabricação de outras peças e acessórios para veículos automotores não especificadas anteriormente', 'Representantes comerciais e agentes do comércio de mercadorias em geral não especializado', 'Comércio varejista de outros produtos não especificados anteriormente', 'Outras sociedades de participação, exceto holdings', 'Aluguel de imóveis próprios']",36662742.54
67620377000114,Minerva SA,"['Fabricação de produtos de carne', 'Criação de bovinos para corte', 'Frigorífico - abate de bovinos', 'Preparação de subprodutos do abate', 'Representantes comerciais e agentes do comércio de mercadorias em geral não especializado', 'Comércio atacadista de animais vivos', 'Comércio atacadista de couros, lãs, peles e outros subprodutos não-comestíveis de origem animal', 'Comércio atacadista de alimentos para animais', 'Comércio atacadista de frutas, verduras, raízes, tubérculos, hortaliças e legumes frescos', 'Comércio atacadista de carnes bovinas e suínas e derivados', 'Comércio atacadista de aves abatidas e derivados', 'Comércio atacadista de carnes e derivados de outros animais', 'Comércio atacadista de produtos alimentícios em geral', 'Comércio atacadista de Máquinas e equipamentos para uso industrial; partes e peças', 'Comércio atacadista de embalagens', 'Comércio atacadista de mercadorias em geral, com predominância de produtos alimentícios', 'Testes e análises técnicas', 'Atividades de intermediação e agenciamento de serviços e negócios em geral, exceto imobiliários']",1678785544.94
13094786000103,Banco Indusval SA,['Bancos comerciais'],
33102476000192,Monteiro Aranha SA,['Holdings de instituições não-financeiras'],
01417222000177,MRS Logistica SA,"['Transporte ferroviário de carga', 'Manutenção e reparação de máquinas motrizes não-elétricas', 'Manutenção e reparação de máquinas e equipamentos para uso geral não especificados anteriormente', 'Serviços de engenharia', 'Testes e análises técnicas', 'Agenciamento de espaços para publicidade, exceto em veículos de comunicação']",4036872327.86
30579348000146,MAC Fundo de Investimento Imobiliario,['Fundos de investimento imobiliários'],
32892018000131,HSI Malls Fundo de Investimento Imobiliario,['Fundos de investimento imobiliários'],
30578417000105,HABITAT II - FUNDO DE INVESTIMENTO IMOBILIARIO,['Fundos de investimento imobiliários'],
21681332000159,Novo Horizonte,['Condomínios prediais'],
33839910000111,Vivara Participacoes SA,"['Holdings de instituições não-financeiras', 'Agente de propriedade industrial']",1705381209
